painter,painterLabel,date_of_birth,image,place_of_birth,place_of_birthLabel,movement,movementLabel,coordinate_location
http://www.wikidata.org/entity/Q157321,Francis Picabia,1879-01-22T00:00:00Z,http://commons.wikimedia.org/wiki/Special:FilePath/Francis%20Picabia%2C%20photograph%20published%20in%20Les%20Peintres%20Cubistes%2C%201913.jpg,http://www.wikidata.org/entity/Q90,Paris,http://www.wikidata.org/entity/Q6034,Dada,Point(2.352222222 48.856666666)
http://www.wikidata.org/entity/Q46139,Man Ray,1890-08-27T00:00:00Z,http://commons.wikimedia.org/wiki/Special:FilePath/Man%20Ray%20Salvador%20Dali%20%28cropped%29.jpg,http://www.wikidata.org/entity/Q1345,Philadelphia,http://www.wikidata.org/entity/Q6034,Dada,Point(-75.163611111 39.952777777)
http://www.wikidata.org/entity/Q153739,Jean Arp,1886-09-16T00:00:00Z,http://commons.wikimedia.org/wiki/Special:FilePath/Hans%20Arp.JPG,http://www.wikidata.org/entity/Q6602,Strasbourg,http://www.wikidata.org/entity/Q6034,Dada,Point(7.752222222 48.573333333)
http://www.wikidata.org/entity/Q154842,Max Ernst,1891-04-02T00:00:00Z,http://commons.wikimedia.org/wiki/Special:FilePath/Max%20Ernst%201968.jpg,http://www.wikidata.org/entity/Q7036,Brühl,http://www.wikidata.org/entity/Q6034,Dada,Point(6.9 50.833333333)
http://www.wikidata.org/entity/Q5912,Marcel Duchamp,1887-07-28T00:00:00Z,http://commons.wikimedia.org/wiki/Special:FilePath/Marcel%20Duchamp%2001.jpg,http://www.wikidata.org/entity/Q475617,Blainville-Crevon,http://www.wikidata.org/entity/Q6034,Dada,Point(1.300833333 49.503333333)
http://www.wikidata.org/entity/Q435558,Suzanne Duchamp,1889-10-20T00:00:00Z,http://commons.wikimedia.org/wiki/Special:FilePath/Louise%20Norton-Var%C3%A8se%2C%20Edgard%20Var%C3%A8se%2C%20Suzanne%20Duchamp%2C%20Jean%20Crotti%2C%20and%20Mary%20Reynolds.jpg,http://www.wikidata.org/entity/Q475617,Blainville-Crevon,http://www.wikidata.org/entity/Q6034,Dada,Point(1.300833333 49.503333333)
http://www.wikidata.org/entity/Q93692,Élisabeth Sophie Chéron,1648-10-03T00:00:00Z,http://commons.wikimedia.org/wiki/Special:FilePath/%C3%89lisabeth-Sophie%20Ch%C3%A9ron.jpg,http://www.wikidata.org/entity/Q90,Paris,http://www.wikidata.org/entity/Q9730,classical music,Point(2.352222222 48.856666666)
http://www.wikidata.org/entity/Q717141,Georges Migot,1891-02-27T00:00:00Z,http://commons.wikimedia.org/wiki/Special:FilePath/Georges%20Migot%20compositeur%201.jpg,http://www.wikidata.org/entity/Q169293,11th arrondissement of Paris,http://www.wikidata.org/entity/Q9730,classical music,Point(2.379305555 48.858677777)
http://www.wikidata.org/entity/Q5233,François-Édouard Picot,1786-10-17T00:00:00Z,http://commons.wikimedia.org/wiki/Special:FilePath/Fran%C3%A7ois-Edouard%20Picot%20BNF%20Gallica.jpg,http://www.wikidata.org/entity/Q90,Paris,http://www.wikidata.org/entity/Q14378,neoclassicism,Point(2.352222222 48.856666666)
http://www.wikidata.org/entity/Q5233,François-Édouard Picot,1786-10-17T00:00:00Z,http://commons.wikimedia.org/wiki/Special:FilePath/Picot%2C%20Fran%C3%A7ois%20Edouard.jpg,http://www.wikidata.org/entity/Q90,Paris,http://www.wikidata.org/entity/Q14378,neoclassicism,Point(2.352222222 48.856666666)
http://www.wikidata.org/entity/Q83155,Jacques-Louis David,1748-08-30T00:00:00Z,http://commons.wikimedia.org/wiki/Special:FilePath/David%20Self%20Portrait.jpg,http://www.wikidata.org/entity/Q90,Paris,http://www.wikidata.org/entity/Q14378,neoclassicism,Point(2.352222222 48.856666666)
http://www.wikidata.org/entity/Q118810,Marie-Guillemine Benoist,1768-12-18T00:00:00Z,http://commons.wikimedia.org/wiki/Special:FilePath/Marie-Guillemine%20Benoist%20-%20Self-portrait%2C%201786.jpg,http://www.wikidata.org/entity/Q90,Paris,http://www.wikidata.org/entity/Q14378,neoclassicism,Point(2.352222222 48.856666666)
http://www.wikidata.org/entity/Q213163,Élisabeth Louise Vigée Le Brun,1755-04-16T00:00:00Z,http://commons.wikimedia.org/wiki/Special:FilePath/%C3%89lisabeth%20Vig%C3%A9e-Lebrun%20-%20selfportrait%20%28Kimbell%20Art%20Museum%2C%201781-2%29.jpg,http://www.wikidata.org/entity/Q90,Paris,http://www.wikidata.org/entity/Q14378,neoclassicism,Point(2.352222222 48.856666666)
http://www.wikidata.org/entity/Q216999,Antoine-Jean Gros,1771-03-16T00:00:00Z,http://commons.wikimedia.org/wiki/Special:FilePath/Gros%20Portrait%20%C3%A0%20l%27%C3%A2ge%20de%20vingt%20ans%20%28RO%20109%29.jpg,http://www.wikidata.org/entity/Q90,Paris,http://www.wikidata.org/entity/Q14378,neoclassicism,Point(2.352222222 48.856666666)
http://www.wikidata.org/entity/Q245624,Merry-Joseph Blondel,1781-07-25T00:00:00Z,http://commons.wikimedia.org/wiki/Special:FilePath/Self-portrait%2C%201817%20-%20Merry-Joseph%20Blondel.jpg,http://www.wikidata.org/entity/Q90,Paris,http://www.wikidata.org/entity/Q14378,neoclassicism,Point(2.352222222 48.856666666)
http://www.wikidata.org/entity/Q281998,Jean-Baptiste Debret,1768-04-18T00:00:00Z,http://commons.wikimedia.org/wiki/Special:FilePath/Jeanbaptistedebret.jpg,http://www.wikidata.org/entity/Q90,Paris,http://www.wikidata.org/entity/Q14378,neoclassicism,Point(2.352222222 48.856666666)
http://www.wikidata.org/entity/Q362704,Pierre-Narcisse Guérin,1774-03-13T00:00:00Z,http://commons.wikimedia.org/wiki/Special:FilePath/Lef%C3%A8vre%2C%20Robert%20-%20Pierre%20Narcisse%20Gu%C3%A9rin.jpg,http://www.wikidata.org/entity/Q90,Paris,http://www.wikidata.org/entity/Q14378,neoclassicism,Point(2.352222222 48.856666666)
http://www.wikidata.org/entity/Q453485,Jean-Baptiste Regnault,1754-10-09T00:00:00Z,http://commons.wikimedia.org/wiki/Special:FilePath/Self%20portrait%20by%20Jean-Baptiste%20Regnault.jpg,http://www.wikidata.org/entity/Q90,Paris,http://www.wikidata.org/entity/Q14378,neoclassicism,Point(2.352222222 48.856666666)
http://www.wikidata.org/entity/Q718975,François-André Vincent,1746-12-30T00:00:00Z,http://commons.wikimedia.org/wiki/Special:FilePath/Ad%C3%A9laide%20Labille-Guiard%20001.jpg,http://www.wikidata.org/entity/Q90,Paris,http://www.wikidata.org/entity/Q14378,neoclassicism,Point(2.352222222 48.856666666)
http://www.wikidata.org/entity/Q944962,Achille Etna Michallon,1796-10-22T00:00:00Z,http://commons.wikimedia.org/wiki/Special:FilePath/Achille%20Etna%20Michallon.jpg,http://www.wikidata.org/entity/Q90,Paris,http://www.wikidata.org/entity/Q14378,neoclassicism,Point(2.352222222 48.856666666)
http://www.wikidata.org/entity/Q979783,Charles Thévenin,1764-07-12T00:00:00Z,http://commons.wikimedia.org/wiki/Special:FilePath/Charles%20Th%C3%A9venin%20-%20Portrait%20par%20Ingres.jpg,http://www.wikidata.org/entity/Q90,Paris,http://www.wikidata.org/entity/Q14378,neoclassicism,Point(2.352222222 48.856666666)
http://www.wikidata.org/entity/Q1063426,Charles-Philippe Larivière,1798-09-28T00:00:00Z,http://commons.wikimedia.org/wiki/Special:FilePath/Charles%20Philippe%20Larivi%C3%A8re%20par%20Elzidor%20Naigeon%20vers%201824.jpg,http://www.wikidata.org/entity/Q90,Paris,http://www.wikidata.org/entity/Q14378,neoclassicism,Point(2.352222222 48.856666666)
http://www.wikidata.org/entity/Q2164632,Georges Rouget,1783-08-26T00:00:00Z,http://commons.wikimedia.org/wiki/Special:FilePath/Rouget%2C%20Georges%2C%20par%20Nadar%2C%20BNF%20Gallica.jpg,http://www.wikidata.org/entity/Q90,Paris,http://www.wikidata.org/entity/Q14378,neoclassicism,Point(2.352222222 48.856666666)
http://www.wikidata.org/entity/Q2463574,Michel Martin Drolling,1786-03-07T00:00:00Z,http://commons.wikimedia.org/wiki/Special:FilePath/Michel%20Martin%20Drolling%20-%20Portrait%20de%20l%27artiste.jpg,http://www.wikidata.org/entity/Q90,Paris,http://www.wikidata.org/entity/Q14378,neoclassicism,Point(2.352222222 48.856666666)
http://www.wikidata.org/entity/Q3130385,Henri-François Riesener,1767-10-19T00:00:00Z,http://commons.wikimedia.org/wiki/Special:FilePath/RiesenerAuto.jpg,http://www.wikidata.org/entity/Q90,Paris,http://www.wikidata.org/entity/Q14378,neoclassicism,Point(2.352222222 48.856666666)
http://www.wikidata.org/entity/Q3339942,Nicolas-André Monsiau,1754-01-01T00:00:00Z,http://commons.wikimedia.org/wiki/Special:FilePath/Nicolas-Andr%C3%A9%20Monsiau.jpg,http://www.wikidata.org/entity/Q90,Paris,http://www.wikidata.org/entity/Q14378,neoclassicism,Point(2.352222222 48.856666666)
http://www.wikidata.org/entity/Q67323105,Jean Balthasar de la Traverse,1752-01-01T00:00:00Z,http://commons.wikimedia.org/wiki/Special:FilePath/Jean-Louis%20Voilles%20Portrait%20of%20Balthazar%20de%20la%20Traverse%201801%20Oil%20on%20Panel.jpg,http://www.wikidata.org/entity/Q142,France,http://www.wikidata.org/entity/Q11629,art of painting,Point(2.0 47.0)
http://www.wikidata.org/entity/Q472235,Hippolyte Flandrin,1809-03-23T00:00:00Z,http://commons.wikimedia.org/wiki/Special:FilePath/Flandrin%2C%20Hippolyte%2C%20BNF%20Gallica%20Reutlinger.jpg,http://www.wikidata.org/entity/Q456,Lyon,http://www.wikidata.org/entity/Q14378,neoclassicism,Point(4.841388888 45.758888888)
http://www.wikidata.org/entity/Q3371528,Paul Flandrin,1811-05-28T00:00:00Z,http://commons.wikimedia.org/wiki/Special:FilePath/Hippolyte%20Flandrin%20-%20Double%20Self-Portrait%20of%20Hippolyte%20and%20Paul%20Flandrin.jpg,http://www.wikidata.org/entity/Q456,Lyon,http://www.wikidata.org/entity/Q14378,neoclassicism,Point(4.841388888 45.758888888)
http://www.wikidata.org/entity/Q668411,Victor Mottez,1809-02-13T00:00:00Z,http://commons.wikimedia.org/wiki/Special:FilePath/Mottez%20Victor%20%28autoportrait%29.jpg,http://www.wikidata.org/entity/Q648,Lille,http://www.wikidata.org/entity/Q14378,neoclassicism,Point(3.0575 50.631944444)
http://www.wikidata.org/entity/Q2325139,Jean-Baptiste Wicar,1762-01-02T00:00:00Z,http://commons.wikimedia.org/wiki/Special:FilePath/Jean-Baptiste%20Wicar.png,http://www.wikidata.org/entity/Q648,Lille,http://www.wikidata.org/entity/Q14378,neoclassicism,Point(3.0575 50.631944444)
http://www.wikidata.org/entity/Q593879,Alexandre Jacovleff,1887-06-25T00:00:00Z,http://commons.wikimedia.org/wiki/Special:FilePath/Alexandr%20Yakovlev%20%28self-portrait%2C%201917%2C%20GTG%29.jpg,http://www.wikidata.org/entity/Q656,Saint Petersburg,http://www.wikidata.org/entity/Q14378,neoclassicism,Point(30.316666666 59.95)
http://www.wikidata.org/entity/Q583015,Jacques Amans,1801-05-29T00:00:00Z,http://commons.wikimedia.org/wiki/Special:FilePath/Jacques%20Amans%20self%20portrait%2C%201845.jpg,http://www.wikidata.org/entity/Q1309,Maastricht,http://www.wikidata.org/entity/Q14378,neoclassicism,Point(5.683333333 50.866666666)
http://www.wikidata.org/entity/Q123476094,Christoph Bouet,1974-01-13T00:00:00Z,http://commons.wikimedia.org/wiki/Special:FilePath/Christoph%20Bouet%2C%20Portr%C3%A4t%2C%20Foto%20J%C3%A4ger.jpg,http://www.wikidata.org/entity/Q2814,Halle (Saale),http://www.wikidata.org/entity/Q9759,blues,Point(11.969722222 51.482777777)
http://www.wikidata.org/entity/Q1706333,Joseph Denis Odevaere,1775-12-02T00:00:00Z,http://commons.wikimedia.org/wiki/Special:FilePath/JosephOdevaere.jpg,http://www.wikidata.org/entity/Q12994,Bruges,http://www.wikidata.org/entity/Q14378,neoclassicism,Point(3.224166666 51.208888888)
http://www.wikidata.org/entity/Q1706333,Joseph Denis Odevaere,1778-10-02T00:00:00Z,http://commons.wikimedia.org/wiki/Special:FilePath/JosephOdevaere.jpg,http://www.wikidata.org/entity/Q12994,Bruges,http://www.wikidata.org/entity/Q14378,neoclassicism,Point(3.224166666 51.208888888)
http://www.wikidata.org/entity/Q2564914,Joseph-Benoît Suvée,1743-01-03T00:00:00Z,http://commons.wikimedia.org/wiki/Special:FilePath/Joseph-Beno%C3%AEt%20Suv%C3%A9e%20-%20Zelfportret%20%281771%29.jpg,http://www.wikidata.org/entity/Q12994,Bruges,http://www.wikidata.org/entity/Q14378,neoclassicism,Point(3.224166666 51.208888888)
http://www.wikidata.org/entity/Q15407385,Ange Flégier,1846-02-25T00:00:00Z,http://commons.wikimedia.org/wiki/Special:FilePath/Ange%20Fl%C3%A9gier.JPEG,http://www.wikidata.org/entity/Q23482,Marseille,http://www.wikidata.org/entity/Q9730,classical music,Point(5.376388888 43.296666666)
http://www.wikidata.org/entity/Q3166330,Jean-Jacques-François Le Barbier,1738-11-29T00:00:00Z,http://commons.wikimedia.org/wiki/Special:FilePath/Buste%20Jean-Jacques-Fran%C3%A7ois%20Le%20Barbier%20%28d%C3%A9tail%29.jpg,http://www.wikidata.org/entity/Q30974,Rouen,http://www.wikidata.org/entity/Q14378,neoclassicism,Point(1.1025 49.443055555)
http://www.wikidata.org/entity/Q964812,François Marius Granet,1775-12-17T00:00:00Z,http://commons.wikimedia.org/wiki/Special:FilePath/Jean%20Auguste%20Dominique%20Ingres%20018.jpg,http://www.wikidata.org/entity/Q47465,Aix-en-Provence,http://www.wikidata.org/entity/Q14378,neoclassicism,Point(5.445555555 43.527777777)
http://www.wikidata.org/entity/Q23380,Jean-Auguste-Dominique Ingres,1780-08-29T00:00:00Z,http://commons.wikimedia.org/wiki/Special:FilePath/Ingres%2C%20Self-portrait.jpg,http://www.wikidata.org/entity/Q172593,Montauban,http://www.wikidata.org/entity/Q14378,neoclassicism,Point(1.355 44.017222222)
http://www.wikidata.org/entity/Q541859,Jules Bastien-Lepage,1848-11-01T00:00:00Z,http://commons.wikimedia.org/wiki/Special:FilePath/065%20Jules-Bastien%20Le%20Page%20Portrait%20de%20l%27artiste.jpg,http://www.wikidata.org/entity/Q195737,Damvillers,http://www.wikidata.org/entity/Q10998,potato,Point(5.399722222 49.342777777)
http://www.wikidata.org/entity/Q652952,Pierre-François-Léonard Fontaine,1762-09-20T00:00:00Z,http://commons.wikimedia.org/wiki/Special:FilePath/P-F-L.%20Fontaine%20par%20JD%20Court%20-%20Ch%C3%A2teau%20de%20Versailles.jpg,http://www.wikidata.org/entity/Q201352,Pontoise,http://www.wikidata.org/entity/Q14378,neoclassicism,Point(2.100833333 49.050833333)
http://www.wikidata.org/entity/Q433434,Anne-Louis Girodet de Roussy-Trioson,1767-01-29T00:00:00Z,http://commons.wikimedia.org/wiki/Special:FilePath/Anne-Louis%20Girodet%20autoportrait.jpg,http://www.wikidata.org/entity/Q212352,Montargis,http://www.wikidata.org/entity/Q14378,neoclassicism,Point(2.7325 47.996944444)
http://www.wikidata.org/entity/Q433434,Anne-Louis Girodet de Roussy-Trioson,1767-01-29T00:00:00Z,http://commons.wikimedia.org/wiki/Special:FilePath/Girodet%20Autoportrait.JPG,http://www.wikidata.org/entity/Q212352,Montargis,http://www.wikidata.org/entity/Q14378,neoclassicism,Point(2.7325 47.996944444)
http://www.wikidata.org/entity/Q433434,Anne-Louis Girodet de Roussy-Trioson,1767-01-29T00:00:00Z,http://commons.wikimedia.org/wiki/Special:FilePath/Autoportrait%20-%20Anne-Louis%20Girodet%20-%20MM%201938F431.jpg,http://www.wikidata.org/entity/Q212352,Montargis,http://www.wikidata.org/entity/Q14378,neoclassicism,Point(2.7325 47.996944444)
http://www.wikidata.org/entity/Q3309277,Michel Ciry,1919-08-31T00:00:00Z,http://commons.wikimedia.org/wiki/Special:FilePath/Michel%20Ciry%20on%20his%2090th%20birthday.jpg,http://www.wikidata.org/entity/Q213481,La Baule-Escoublac,http://www.wikidata.org/entity/Q9730,classical music,Point(-2.392222222 47.285833333)
http://www.wikidata.org/entity/Q8078273,Émile Desportes,1878-01-01T00:00:00Z,http://commons.wikimedia.org/wiki/Special:FilePath/Emile%20Desportes.jpg,http://www.wikidata.org/entity/Q221517,Pont-l'Évêque,http://www.wikidata.org/entity/Q9730,classical music,Point(0.183888888 49.285555555)
http://www.wikidata.org/entity/Q463270,Constance Mayer,1774-03-09T00:00:00Z,http://commons.wikimedia.org/wiki/Special:FilePath/Marie-Fran%C3%A7oise%20Constance%20Mayer-Lamartini%C3%A8re.jpg,http://www.wikidata.org/entity/Q269833,Chauny,http://www.wikidata.org/entity/Q14378,neoclassicism,Point(3.219166666 49.615555555)
http://www.wikidata.org/entity/Q2703817,Guillaume Guillon-Lethière,1760-01-10T00:00:00Z,http://commons.wikimedia.org/wiki/Special:FilePath/Guillaume%20Guillon%20Lethi%C3%A8re%20by%20Julien-L%C3%A9opold%20Boilly.jpg,http://www.wikidata.org/entity/Q386243,Sainte-Anne,http://www.wikidata.org/entity/Q14378,neoclassicism,Point(-61.386111111 16.225555555)
http://www.wikidata.org/entity/Q2703817,Guillaume Guillon-Lethière,1760-01-16T00:00:00Z,http://commons.wikimedia.org/wiki/Special:FilePath/Guillaume%20Guillon%20Lethi%C3%A8re%20by%20Julien-L%C3%A9opold%20Boilly.jpg,http://www.wikidata.org/entity/Q386243,Sainte-Anne,http://www.wikidata.org/entity/Q14378,neoclassicism,Point(-61.386111111 16.225555555)
http://www.wikidata.org/entity/Q273552,Marie Bracquemond,1840-12-01T00:00:00Z,http://commons.wikimedia.org/wiki/Special:FilePath/Marie%20Bracquemond%20Under%20the%20Lamp.jpg,http://www.wikidata.org/entity/Q494957,Landunvez,http://www.wikidata.org/entity/Q11034,printing,Point(-4.726944444 48.5325)
http://www.wikidata.org/entity/Q273552,Marie Bracquemond,1840-12-01T00:00:00Z,http://commons.wikimedia.org/wiki/Special:FilePath/Marie%20Bracquemond%202.jpg,http://www.wikidata.org/entity/Q494957,Landunvez,http://www.wikidata.org/entity/Q11034,printing,Point(-4.726944444 48.5325)
http://www.wikidata.org/entity/Q273552,Marie Bracquemond,1840-12-01T00:00:00Z,http://commons.wikimedia.org/wiki/Special:FilePath/Marie%20Bracquemond%20by%20Marie%20Bracquemond.jpg,http://www.wikidata.org/entity/Q494957,Landunvez,http://www.wikidata.org/entity/Q11034,printing,Point(-4.726944444 48.5325)
http://www.wikidata.org/entity/Q3170050,Jean-Thomas Thibault,1757-11-20T00:00:00Z,http://commons.wikimedia.org/wiki/Special:FilePath/Jean-Thomas%20Thibault.jpg,http://www.wikidata.org/entity/Q923678,Montier-en-Der,http://www.wikidata.org/entity/Q14378,neoclassicism,Point(4.77 48.477777777)
http://www.wikidata.org/entity/Q15967898,Adélaïde Binart,1769-03-09T00:00:00Z,http://commons.wikimedia.org/wiki/Special:FilePath/Adelaide-Binart-par-Marie-Genevieve-Bouliard.jpg,http://www.wikidata.org/entity/Q90,Paris,http://www.wikidata.org/entity/Q14378,neoclassicism,Point(2.352222222 48.856666666)
http://www.wikidata.org/entity/Q98686842,Antoinette Béfort,1788-08-08T00:00:00Z,http://commons.wikimedia.org/wiki/Special:FilePath/Antoinette%20B%C3%A9fort%20-%20A%20Young%20Woman%20from%20Thebes%20Tending%20Her%20Wounded%20Father.jpg,http://www.wikidata.org/entity/Q90,Paris,http://www.wikidata.org/entity/Q14378,neoclassicism,Point(2.352222222 48.856666666)
http://www.wikidata.org/entity/Q19944954,Jean Louis Bezard,1799-11-25T00:00:00Z,http://commons.wikimedia.org/wiki/Special:FilePath/Eglise%20Notre-Dame%20du%20Taur%20-%20Le%20martyre%20de%20Saint%20Saturnin%20par%20Jean-Louis%20B%C3%89ZARD.jpg,http://www.wikidata.org/entity/Q7880,Toulouse,http://www.wikidata.org/entity/Q14378,neoclassicism,Point(1.443888888 43.604444444)
http://www.wikidata.org/entity/Q4274792,Constant Mayer,1829-10-03T00:00:00Z,http://commons.wikimedia.org/wiki/Special:FilePath/Constant%20Mayer%20photo%20portrait.png,http://www.wikidata.org/entity/Q37776,Besançon,http://www.wikidata.org/entity/Q14378,neoclassicism,Point(6.021388888 47.242222222)
http://www.wikidata.org/entity/Q7029461,Nicolas-Didier Boguet,1755-02-18T00:00:00Z,http://commons.wikimedia.org/wiki/Special:FilePath/Nicolas-Didier%20Boguet%20%281755-1839%29.jpg,http://www.wikidata.org/entity/Q126675,Chantilly,http://www.wikidata.org/entity/Q14378,neoclassicism,Point(2.460833333 49.186944444)
http://www.wikidata.org/entity/Q16855463,Auguste Pichon,1805-12-06T00:00:00Z,http://commons.wikimedia.org/wiki/Special:FilePath/Pierre%20Auguste%20Pichon%201875.jpg,http://www.wikidata.org/entity/Q588787,Sorèze,http://www.wikidata.org/entity/Q14378,neoclassicism,Point(2.066944444 43.452777777)
http://www.wikidata.org/entity/Q59396969,Germaine de Roton,1889-03-25T00:00:00Z,http://commons.wikimedia.org/wiki/Special:FilePath/Marie%20Germaine%20de%20Roton.png,http://www.wikidata.org/entity/Q740693,Beaujeu,http://www.wikidata.org/entity/Q14378,neoclassicism,Point(4.588333333 46.154166666)
http://www.wikidata.org/entity/Q24188412,Auguste Morisot,1857-04-12T00:00:00Z,http://commons.wikimedia.org/wiki/Special:FilePath/Morisot-portrait.jpg,http://www.wikidata.org/entity/Q16896,Seurre,http://www.wikidata.org/entity/Q34636,Art Nouveau,Point(5.146666666 46.998611111)
http://www.wikidata.org/entity/Q1921617,Georges de Feure,1868-09-06T00:00:00Z,http://commons.wikimedia.org/wiki/Special:FilePath/G%20de%20feure%20portrait%20photo.png,http://www.wikidata.org/entity/Q90,Paris,http://www.wikidata.org/entity/Q34636,Art Nouveau,Point(2.352222222 48.856666666)
http://www.wikidata.org/entity/Q23035246,Paul Philippe,1870-01-01T00:00:00Z,http://commons.wikimedia.org/wiki/Special:FilePath/Paul%20Philippe%20-%20chryselephantine%20pierrette%20statue%2C%20c.%201922.png,http://www.wikidata.org/entity/Q142,France,http://www.wikidata.org/entity/Q34636,Art Nouveau,Point(2.0 47.0)
http://www.wikidata.org/entity/Q123740,Félix Vallotton,1865-12-28T00:00:00Z,http://commons.wikimedia.org/wiki/Special:FilePath/Vallotton-Autoportrait.jpg,http://www.wikidata.org/entity/Q807,Lausanne,http://www.wikidata.org/entity/Q34636,Art Nouveau,Point(6.633333333 46.533333333)
http://www.wikidata.org/entity/Q524154,Eugène Grasset,1845-05-25T00:00:00Z,http://commons.wikimedia.org/wiki/Special:FilePath/Eug%C3%A8ne%20Grasset%20-%20Album%20Mariani%20-%20portrait.jpg,http://www.wikidata.org/entity/Q807,Lausanne,http://www.wikidata.org/entity/Q34636,Art Nouveau,Point(6.633333333 46.533333333)
http://www.wikidata.org/entity/Q706041,Théophile Steinlen,1859-11-10T00:00:00Z,http://commons.wikimedia.org/wiki/Special:FilePath/SteinlenGat.jpg,http://www.wikidata.org/entity/Q807,Lausanne,http://www.wikidata.org/entity/Q34636,Art Nouveau,Point(6.633333333 46.533333333)
http://www.wikidata.org/entity/Q706041,Théophile Steinlen,1859-11-20T00:00:00Z,http://commons.wikimedia.org/wiki/Special:FilePath/SteinlenGat.jpg,http://www.wikidata.org/entity/Q807,Lausanne,http://www.wikidata.org/entity/Q34636,Art Nouveau,Point(6.633333333 46.533333333)
http://www.wikidata.org/entity/Q29488625,Cyril Kongo,1969-01-01T00:00:00Z,http://commons.wikimedia.org/wiki/Special:FilePath/Cyril%20Kongo%20%282014%29.jpg,http://www.wikidata.org/entity/Q7880,Toulouse,http://www.wikidata.org/entity/Q17516,street art,Point(1.443888888 43.604444444)
http://www.wikidata.org/entity/Q2537308,Louis Majorelle,1859-09-26T00:00:00Z,http://commons.wikimedia.org/wiki/Special:FilePath/Louis%20Majorelle.png,http://www.wikidata.org/entity/Q154728,Toul,http://www.wikidata.org/entity/Q34636,Art Nouveau,Point(5.891666667 48.675)
http://www.wikidata.org/entity/Q93777751,Jisbar,1989-06-07T00:00:00Z,http://commons.wikimedia.org/wiki/Special:FilePath/Jisbar-artist-2023.jpg,http://www.wikidata.org/entity/Q207589,Val-d'Isère,http://www.wikidata.org/entity/Q17516,street art,Point(6.977222222 45.449722222)
http://www.wikidata.org/entity/Q13368668,Maurice Biais,1872-12-30T00:00:00Z,http://commons.wikimedia.org/wiki/Special:FilePath/Maurice%20Biais-Poster%20for%20Saharet%20%28without%20location%29%2C%20c%201902.jpg,http://www.wikidata.org/entity/Q208812,Corbeil-Essonnes,http://www.wikidata.org/entity/Q34636,Art Nouveau,Point(2.474722222 48.610277777)
http://www.wikidata.org/entity/Q12955922,eL Seed,1981-08-21T00:00:00Z,http://commons.wikimedia.org/wiki/Special:FilePath/EL%20Seed%20%28cropped%29.jpg,http://www.wikidata.org/entity/Q237281,Le Chesnay,http://www.wikidata.org/entity/Q17516,street art,Point(2.130277777 48.820277777)
http://www.wikidata.org/entity/Q610202,Jules Chéret,1836-05-31T00:00:00Z,http://commons.wikimedia.org/wiki/Special:FilePath/Ch%C3%A9ret%2C%20Jules%2C%20Nadar%2C%20Gallica.jpg,http://www.wikidata.org/entity/Q15149908,former 11th arrondissement of Paris,http://www.wikidata.org/entity/Q34636,Art Nouveau,Point(2.332578 48.850555)
http://www.wikidata.org/entity/Q161145,Horace Vernet,1789-06-30T00:00:00Z,http://commons.wikimedia.org/wiki/Special:FilePath/Horace%20Vernet%20Adrien%20Nadar%201858.jpg,http://www.wikidata.org/entity/Q90,Paris,http://www.wikidata.org/entity/Q37068,Romanticism,Point(2.352222222 48.856666666)
http://www.wikidata.org/entity/Q6682,Gustave Doré,1832-01-06T00:00:00Z,http://commons.wikimedia.org/wiki/Special:FilePath/Photograph%20of%20Gustave%20Dor%C3%A9%20by%20Nadar%2C%20between%201856%20and%201858.jpg,http://www.wikidata.org/entity/Q6602,Strasbourg,http://www.wikidata.org/entity/Q37068,Romanticism,Point(7.752222222 48.573333333)
http://www.wikidata.org/entity/Q124535760,Victor Charlier-Teutsch,1866-06-25T00:00:00Z,http://commons.wikimedia.org/wiki/Special:FilePath/Victor%20Charlier-Teutsch.jpg,http://www.wikidata.org/entity/Q22741,Saverne,http://www.wikidata.org/entity/Q34636,Art Nouveau,Point(7.361944444 48.741388888)
http://www.wikidata.org/entity/Q184212,Théodore Géricault,1791-09-26T00:00:00Z,http://commons.wikimedia.org/wiki/Special:FilePath/Horace%20Vernet%2C%20Jean-Louis-Andr%C3%A9-Th%C3%A9odore%20Gericault%2C%20probably%201822%20or%201823%2C%201998.84%2C%20MET.jpg,http://www.wikidata.org/entity/Q30974,Rouen,http://www.wikidata.org/entity/Q37068,Romanticism,Point(1.1025 49.443055555)
http://www.wikidata.org/entity/Q182791,Jean-Baptiste Carpeaux,1827-05-11T00:00:00Z,http://commons.wikimedia.org/wiki/Special:FilePath/Jean-Baptiste%20Carpeaux%20self-portrait%20-%20Fontaine%202000%20p25.jpg,http://www.wikidata.org/entity/Q163795,Valenciennes,http://www.wikidata.org/entity/Q37068,Romanticism,Point(3.523333333 50.358055555)
http://www.wikidata.org/entity/Q23380,Jean-Auguste-Dominique Ingres,1780-08-29T00:00:00Z,http://commons.wikimedia.org/wiki/Special:FilePath/Ingres%2C%20Self-portrait.jpg,http://www.wikidata.org/entity/Q172593,Montauban,http://www.wikidata.org/entity/Q37068,Romanticism,Point(1.355 44.017222222)
http://www.wikidata.org/entity/Q183713,Théophile Gautier,1811-08-30T00:00:00Z,http://commons.wikimedia.org/wiki/Special:FilePath/Th%C3%A9ophile%20Gautier%20by%20Nadar.png,http://www.wikidata.org/entity/Q184023,Tarbes,http://www.wikidata.org/entity/Q37068,Romanticism,Point(0.074444444 43.232777777)
http://www.wikidata.org/entity/Q33477,Eugène Delacroix,1798-04-26T00:00:00Z,http://commons.wikimedia.org/wiki/Special:FilePath/Eug%C3%A8ne%20Delacroix%20-%20Portrait%20de%20l%27artiste%20%28ca.1837%29.jpg,http://www.wikidata.org/entity/Q274327,Saint-Maurice,http://www.wikidata.org/entity/Q37068,Romanticism,Point(2.434722222 48.818333333)
http://www.wikidata.org/entity/Q271676,Charles Le Brun,1619-02-24T00:00:00Z,http://commons.wikimedia.org/wiki/Special:FilePath/Le%20brun.jpg,http://www.wikidata.org/entity/Q90,Paris,http://www.wikidata.org/entity/Q37853,Baroque,Point(2.352222222 48.856666666)
http://www.wikidata.org/entity/Q327364,Jacques Fouquier,1590-01-01T00:00:00Z,http://commons.wikimedia.org/wiki/Special:FilePath/Portret%20Jacques%20Fouquier%2C%20RP-P-2004-73-16.jpg,http://www.wikidata.org/entity/Q12892,Antwerp,http://www.wikidata.org/entity/Q37853,Baroque,Point(4.399722222 51.221111111)
http://www.wikidata.org/entity/Q371979,Pierre Puget,1620-10-16T00:00:00Z,http://commons.wikimedia.org/wiki/Special:FilePath/Granet055%20Puget%20Pierre%20autoportrait.jpg,http://www.wikidata.org/entity/Q23482,Marseille,http://www.wikidata.org/entity/Q37853,Baroque,Point(5.376388888 43.296666666)
http://www.wikidata.org/entity/Q323144,Ambroise Louis Garneray,1783-02-19T00:00:00Z,http://commons.wikimedia.org/wiki/Special:FilePath/Portrait%20of%20Ambroise%20Louis%20Garneray-P6280070.JPG,http://www.wikidata.org/entity/Q90,Paris,http://www.wikidata.org/entity/Q37068,Romanticism,Point(2.352222222 48.856666666)
http://www.wikidata.org/entity/Q458288,Alexandre-Gabriel Decamps,1803-03-03T00:00:00Z,http://commons.wikimedia.org/wiki/Special:FilePath/Alexandre%20Gabriel%20Decamps%20autoportrait.jpg,http://www.wikidata.org/entity/Q90,Paris,http://www.wikidata.org/entity/Q37068,Romanticism,Point(2.352222222 48.856666666)
http://www.wikidata.org/entity/Q544646,Léon Cogniet,1794-08-29T00:00:00Z,http://commons.wikimedia.org/wiki/Special:FilePath/L%C3%A9on%20Cogniet%20self-portrait%201818.jpg,http://www.wikidata.org/entity/Q90,Paris,http://www.wikidata.org/entity/Q37068,Romanticism,Point(2.352222222 48.856666666)
http://www.wikidata.org/entity/Q676001,Eugène Devéria,1805-04-22T00:00:00Z,http://commons.wikimedia.org/wiki/Special:FilePath/Eug%C3%A8ne%20Dev%C3%A9ria%20autoportrait%201.jpg,http://www.wikidata.org/entity/Q90,Paris,http://www.wikidata.org/entity/Q37068,Romanticism,Point(2.352222222 48.856666666)
http://www.wikidata.org/entity/Q676001,Eugène Devéria,1808-01-01T00:00:00Z,http://commons.wikimedia.org/wiki/Special:FilePath/Eug%C3%A8ne%20Dev%C3%A9ria%20autoportrait%201.jpg,http://www.wikidata.org/entity/Q90,Paris,http://www.wikidata.org/entity/Q37068,Romanticism,Point(2.352222222 48.856666666)
http://www.wikidata.org/entity/Q728173,Achille Devéria,1800-02-06T00:00:00Z,http://commons.wikimedia.org/wiki/Special:FilePath/Achille%20Dev%C3%A9ria-Self-Portrait%2C%20c.%201835.jpg,http://www.wikidata.org/entity/Q90,Paris,http://www.wikidata.org/entity/Q37068,Romanticism,Point(2.352222222 48.856666666)
http://www.wikidata.org/entity/Q1354027,Paul Huet,1803-10-03T00:00:00Z,http://commons.wikimedia.org/wiki/Special:FilePath/Paul%20Huet.jpg,http://www.wikidata.org/entity/Q90,Paris,http://www.wikidata.org/entity/Q37068,Romanticism,Point(2.352222222 48.856666666)
http://www.wikidata.org/entity/Q2085926,Léon Riesener,1808-01-21T00:00:00Z,http://commons.wikimedia.org/wiki/Special:FilePath/Portrait%20Leon%20Riesener.jpg,http://www.wikidata.org/entity/Q90,Paris,http://www.wikidata.org/entity/Q37068,Romanticism,Point(2.352222222 48.856666666)
http://www.wikidata.org/entity/Q2831339,Albert Lenoir,1801-10-21T00:00:00Z,http://commons.wikimedia.org/wiki/Special:FilePath/Buste%20d%27Albert%20Lenoir%20%281801-1891%29.jpg,http://www.wikidata.org/entity/Q90,Paris,http://www.wikidata.org/entity/Q37068,Romanticism,Point(2.352222222 48.856666666)
http://www.wikidata.org/entity/Q3275249,Marie-Élisabeth Cavé,1806-01-01T00:00:00Z,http://commons.wikimedia.org/wiki/Special:FilePath/Mme%20Edmond%20Cav%C3%A9%20c1831-34%20by%20Ingres%20-%20NY%20Met%20Museum%20of%20Art.jpg,http://www.wikidata.org/entity/Q90,Paris,http://www.wikidata.org/entity/Q37068,Romanticism,Point(2.352222222 48.856666666)
http://www.wikidata.org/entity/Q3275249,Marie-Élisabeth Cavé,1810-01-01T00:00:00Z,http://commons.wikimedia.org/wiki/Special:FilePath/Mme%20Edmond%20Cav%C3%A9%20c1831-34%20by%20Ingres%20-%20NY%20Met%20Museum%20of%20Art.jpg,http://www.wikidata.org/entity/Q90,Paris,http://www.wikidata.org/entity/Q37068,Romanticism,Point(2.352222222 48.856666666)
http://www.wikidata.org/entity/Q1446788,Joseph Félon,1818-08-21T00:00:00Z,http://commons.wikimedia.org/wiki/Special:FilePath/Joseph%20F%C3%A9lon111.JPG,http://www.wikidata.org/entity/Q1479,Bordeaux,http://www.wikidata.org/entity/Q37068,Romanticism,Point(-0.579444444 44.837777777)
http://www.wikidata.org/entity/Q436726,Ary Scheffer,1795-02-10T00:00:00Z,http://commons.wikimedia.org/wiki/Special:FilePath/Ary%20Scheffer%20Self-portrait%20Rijksmuseum%20SK%20A%204748.jpg,http://www.wikidata.org/entity/Q26421,Dordrecht,http://www.wikidata.org/entity/Q37068,Romanticism,Point(4.678333333 51.795833333)
http://www.wikidata.org/entity/Q3184970,Joseph Fricero,1807-12-04T00:00:00Z,http://commons.wikimedia.org/wiki/Special:FilePath/Fricero-autoportrait.jpg,http://www.wikidata.org/entity/Q33959,Nice,http://www.wikidata.org/entity/Q37068,Romanticism,Point(7.268333333 43.701944444)